/*
SQLyog Community v12.3.2 (64 bit)
MySQL - 10.4.11-MariaDB : Database - db_banknagari
*********************************************************************
*/

/*!40101 SET NAMES utf8 */;

/*!40101 SET SQL_MODE=''*/;

/*!40014 SET @OLD_UNIQUE_CHECKS=@@UNIQUE_CHECKS, UNIQUE_CHECKS=0 */;
/*!40014 SET @OLD_FOREIGN_KEY_CHECKS=@@FOREIGN_KEY_CHECKS, FOREIGN_KEY_CHECKS=0 */;
/*!40101 SET @OLD_SQL_MODE=@@SQL_MODE, SQL_MODE='NO_AUTO_VALUE_ON_ZERO' */;
/*!40111 SET @OLD_SQL_NOTES=@@SQL_NOTES, SQL_NOTES=0 */;
CREATE DATABASE /*!32312 IF NOT EXISTS*/`db_banknagari` /*!40100 DEFAULT CHARACTER SET utf8 */;

USE `db_banknagari`;

/*Table structure for table `tb_config` */

DROP TABLE IF EXISTS `tb_config`;

CREATE TABLE `tb_config` (
  `options` varchar(250) DEFAULT NULL,
  `value` text DEFAULT NULL,
  `no` int(11) NOT NULL AUTO_INCREMENT,
  `key` varchar(250) DEFAULT NULL,
  PRIMARY KEY (`no`)
) ENGINE=InnoDB AUTO_INCREMENT=17 DEFAULT CHARSET=utf8mb4;

/*Data for the table `tb_config` */

insert  into `tb_config`(`options`,`value`,`no`,`key`) values 
('denc_key','WmZq4t7w!z%C*F-J',2,NULL),
('cctv_in','192.168.137.61',3,'02'),
('cctv_in','192.168.137.62',4,'01'),
('board','192.168.137.102',5,'01'),
('board','192.168.137.101',6,'02'),
('cctv_out','192.168.137.63',7,'02'),
('cctv_out','192.168.137.64',8,'01'),
('tablet','192.168.150.173',9,'01'),
('tablet','192.168.150.173',10,'02'),
('apikey5','BIM%B4nd4r4111111==',11,NULL),
('board','192.168.137.103',12,'03'),
('board','192.168.137.103',13,'04'),
('apikey4','BN MDAwNg==',14,NULL),
('apikey','MDAwNg==',15,NULL),
(NULL,NULL,16,NULL);

/*Table structure for table `tb_daftar_gate` */

DROP TABLE IF EXISTS `tb_daftar_gate`;

CREATE TABLE `tb_daftar_gate` (
  `id` char(20) NOT NULL,
  `nama_gate` varchar(250) DEFAULT NULL,
  `lokasi` varchar(250) DEFAULT NULL,
  `biaya` double DEFAULT NULL,
  PRIMARY KEY (`id`)
) ENGINE=InnoDB DEFAULT CHARSET=utf8mb4;

/*Data for the table `tb_daftar_gate` */

insert  into `tb_daftar_gate`(`id`,`nama_gate`,`lokasi`,`biaya`) values 
('01','ENTRY PARKIR MOBIL','ENTRY',0),
('02','ENTRY PARKIR MOTOR','ENTRY',0),
('03','EXIT PARKIR MOBIL','EXIT',NULL),
('04','EXIT PARKIR MOTOR','EXIT',NULL),
('05','TOUR ENTRY A','LOKET',NULL),
('06','TOUR EXIT B','LOKET',NULL);

/*Table structure for table `tb_entry` */

DROP TABLE IF EXISTS `tb_entry`;

CREATE TABLE `tb_entry` (
  `no` int(11) NOT NULL AUTO_INCREMENT,
  `id_entry` varchar(250) NOT NULL,
  `gate_id` char(20) DEFAULT NULL,
  `date` datetime DEFAULT NULL,
  PRIMARY KEY (`id_entry`),
  KEY `no` (`no`),
  KEY `gate_id` (`gate_id`),
  CONSTRAINT `tb_entry_ibfk_1` FOREIGN KEY (`gate_id`) REFERENCES `tb_daftar_gate` (`id`)
) ENGINE=InnoDB AUTO_INCREMENT=4580 DEFAULT CHARSET=utf8mb4;

/*Data for the table `tb_entry` */

insert  into `tb_entry`(`no`,`id_entry`,`gate_id`,`date`) values 
(4515,'910921082991558','02','2021-08-29 15:58:08'),
(4547,'910921082991623','02','2021-08-29 16:23:36'),
(4408,'911921082891844','02','2021-08-28 11:44:10'),
(4414,'911921082892040','01','2021-08-28 13:40:41'),
(4484,'911921082991231','02','2021-08-29 12:31:40'),
(4536,'911921082991616','02','2021-08-29 16:16:33'),
(4552,'911921082991636','02','2021-08-29 16:36:43'),
(4477,'912921082892249','02','2021-08-28 15:49:21'),
(4447,'913921082892154','01','2021-08-28 14:54:01'),
(4492,'913921082991253','02','2021-08-29 12:53:35'),
(4394,'914921082891736','01','2021-08-28 10:36:21'),
(4544,'914921082991622','02','2021-08-29 16:22:18'),
(4500,'915921082991414','02','2021-08-29 14:14:30'),
(4541,'915921082991621','02','2021-08-29 16:21:39'),
(4446,'917921082892151','01','2021-08-28 14:51:21'),
(4392,'91921082891637','02','2021-08-28 09:37:21'),
(4475,'91921082892248','02','2021-08-28 15:48:14'),
(4443,'919921082892130','01','2021-08-28 14:30:38'),
(4494,'919921082991333','02','2021-08-29 13:33:58'),
(4399,'920921082891744','01','2021-08-28 10:44:14'),
(4388,'921921082891625','01','2021-08-28 09:25:15'),
(4417,'921921082892041','01','2021-08-28 13:41:54'),
(4457,'921921082892231','02','2021-08-28 15:31:07'),
(4487,'921921082991252','02','2021-08-29 12:52:43'),
(4571,'921921082991705','02','2021-08-29 17:05:17'),
(4382,'922921082891620','01','2021-08-28 09:20:59'),
(4420,'922921082892042','01','2021-08-28 13:42:56'),
(4559,'922921082991702','02','2021-08-29 17:02:12'),
(4560,'922921082991703','01','2021-08-29 17:03:33'),
(4507,'923921082991549','01','2021-08-29 15:49:00'),
(4534,'923921082991616','02','2021-08-29 16:16:10'),
(4555,'923921082991637','02','2021-08-29 16:37:32'),
(4430,'924921082892052','01','2021-08-28 13:52:03'),
(4466,'924921082892244','02','2021-08-28 15:44:21'),
(4557,'924921082991644','02','2021-08-29 16:44:55'),
(4432,'925921082892052','01','2021-08-28 13:52:11'),
(4570,'925921082991705','02','2021-08-29 17:05:14'),
(4464,'926921082892244','02','2021-08-28 15:44:10'),
(4386,'927921082891624','01','2021-08-28 09:24:26'),
(4504,'927921082991532','02','2021-08-29 15:32:27'),
(4396,'928921082891736','01','2021-08-28 10:36:34'),
(4556,'928921082991644','02','2021-08-29 16:44:53'),
(4567,'928921082991705','02','2021-08-29 17:05:11'),
(4410,'92921082891846','01','2021-08-28 11:46:44'),
(4526,'92921082991611','01','2021-08-29 16:11:23'),
(4562,'92921082991704','02','2021-08-29 17:04:08'),
(4431,'929921082892052','01','2021-08-28 13:52:06'),
(4469,'930921082892245','02','2021-08-28 15:45:05'),
(4510,'930921082991554','02','2021-08-29 15:54:31'),
(4520,'930921082991608','02','2021-08-29 16:08:12'),
(4393,'931921082891736','01','2021-08-28 10:36:17'),
(4439,'931921082892053','02','2021-08-28 13:53:28'),
(4462,'931921082892244','02','2021-08-28 15:44:03'),
(4473,'931921082892247','02','2021-08-28 15:47:07'),
(4576,'931921082991706','01','2021-08-29 17:06:51'),
(4418,'932921082892042','01','2021-08-28 13:42:16'),
(4501,'932921082991414','02','2021-08-29 14:14:33'),
(4524,'932921082991610','02','2021-08-29 16:10:34'),
(4546,'932921082991622','02','2021-08-29 16:22:43'),
(4480,'933921082892256','01','2021-08-28 15:56:37'),
(4404,'934921082891813','02','2021-08-28 11:13:25'),
(4497,'934921082991334','01','2021-08-29 13:34:21'),
(4561,'934921082991703','02','2021-08-29 17:03:58'),
(4568,'934921082991705','02','2021-08-29 17:05:13'),
(4456,'935921082892224','02','2021-08-28 15:24:42'),
(4554,'935921082991637','02','2021-08-29 16:37:18'),
(4387,'936921082891624','02','2021-08-28 09:24:54'),
(4402,'937921082891748','02','2021-08-28 10:48:17'),
(4427,'937921082892045','01','2021-08-28 13:45:10'),
(4455,'937921082892224','02','2021-08-28 15:24:32'),
(4440,'938921082892053','01','2021-08-28 13:53:38'),
(4397,'93921082891737','01','2021-08-28 10:37:45'),
(4453,'93921082892223','02','2021-08-28 15:23:34'),
(4533,'93921082991615','01','2021-08-29 16:15:35'),
(4403,'939921082891748','02','2021-08-28 10:48:27'),
(4416,'940921082892041','01','2021-08-28 13:41:52'),
(4454,'940921082892223','02','2021-08-28 15:23:54'),
(4513,'941921082991556','02','2021-08-29 15:56:23'),
(4529,'941921082991613','01','2021-08-29 16:13:35'),
(4574,'941921082991706','02','2021-08-29 17:06:20'),
(4458,'942921082892238','02','2021-08-28 15:38:03'),
(4441,'943921082892057','01','2021-08-28 13:57:21'),
(4445,'943921082892150','01','2021-08-28 14:50:33'),
(4476,'943921082892248','02','2021-08-28 15:48:27'),
(4525,'943921082991611','01','2021-08-29 16:11:01'),
(4518,'944921082991602','01','2021-08-29 16:02:47'),
(4523,'944921082991609','01','2021-08-29 16:09:31'),
(4578,'944921082991717','02','2021-08-29 17:17:44'),
(4415,'946921082892040','01','2021-08-28 13:40:51'),
(4421,'946921082892043','01','2021-08-28 13:43:01'),
(4488,'946921082991252','02','2021-08-29 12:52:47'),
(4527,'946921082991611','01','2021-08-29 16:11:40'),
(4538,'946921082991616','02','2021-08-29 16:16:55'),
(4563,'946921082991704','02','2021-08-29 17:04:15'),
(4377,'947921082891615','01','2021-08-28 09:15:30'),
(4378,'947921082891616','01','2021-08-28 09:16:07'),
(4383,'947921082891622','01','2021-08-28 09:22:25'),
(4540,'947921082991621','02','2021-08-29 16:21:37'),
(4379,'948921082891616','01','2021-08-28 09:16:41'),
(4470,'948921082892245','02','2021-08-28 15:45:07'),
(4479,'948921082892252','01','2021-08-28 15:52:52'),
(4503,'948921082991532','02','2021-08-29 15:32:04'),
(4548,'948921082991623','02','2021-08-29 16:23:39'),
(4391,'949921082891635','02','2021-08-28 09:35:53'),
(4412,'949921082891847','01','2021-08-28 11:47:58'),
(4438,'949921082892053','02','2021-08-28 13:53:21'),
(4545,'949921082991622','02','2021-08-29 16:22:21'),
(4565,'950921082991705','02','2021-08-29 17:05:05'),
(4422,'951921082892043','01','2021-08-28 13:43:24'),
(4478,'951921082892252','02','2021-08-28 15:52:42'),
(4495,'951921082991334','02','2021-08-29 13:34:04'),
(4512,'951921082991556','02','2021-08-29 15:56:14'),
(4532,'953921082991615','02','2021-08-29 16:15:08'),
(4424,'955921082892043','02','2021-08-28 13:43:54'),
(4460,'955921082892240','02','2021-08-28 15:40:23'),
(4485,'956921082991252','02','2021-08-29 12:52:41'),
(4535,'956921082991616','02','2021-08-29 16:16:22'),
(4551,'956921082991634','02','2021-08-29 16:34:17'),
(4435,'957921082892052','02','2021-08-28 13:52:57'),
(4376,'958921082891615','01','2021-08-28 09:15:04'),
(4389,'95921082891629','02','2021-08-28 09:29:23'),
(4401,'959921082891747','02','2021-08-28 10:47:37'),
(4405,'959921082891841','01','2021-08-28 11:41:55'),
(4449,'959921082892210','01','2021-08-28 15:10:56'),
(4384,'960921082891622','01','2021-08-28 09:22:40'),
(4569,'960921082991705','02','2021-08-29 17:05:14'),
(4472,'961921082892247','02','2021-08-28 15:47:05'),
(4499,'961921082991414','02','2021-08-29 14:14:27'),
(4490,'962921082991253','02','2021-08-29 12:53:29'),
(4468,'963921082892244','02','2021-08-28 15:44:37'),
(4522,'963921082991609','02','2021-08-29 16:09:10'),
(4550,'963921082991634','02','2021-08-29 16:34:16'),
(4542,'964921082991621','02','2021-08-29 16:21:50'),
(4558,'964921082991644','02','2021-08-29 16:44:58'),
(4380,'965921082891620','01','2021-08-28 09:20:21'),
(4395,'965921082891736','01','2021-08-28 10:36:30'),
(4519,'965921082991603','02','2021-08-29 16:03:16'),
(4553,'965921082991636','01','2021-08-29 16:36:53'),
(4419,'966921082892042','01','2021-08-28 13:42:48'),
(4498,'966921082991414','02','2021-08-29 14:14:25'),
(4577,'966921082991707','02','2021-08-29 17:07:07'),
(4406,'967921082891841','01','2021-08-28 11:41:55'),
(4407,'967921082891843','01','2021-08-28 11:43:56'),
(4437,'967921082892053','02','2021-08-28 13:53:11'),
(4509,'967921082991554','02','2021-08-29 15:54:29'),
(4521,'968921082991608','01','2021-08-29 16:08:35'),
(4385,'96921082891623','01','2021-08-28 09:23:10'),
(4451,'96921082892220','02','2021-08-28 15:20:04'),
(4374,'969921082891614','01','2021-08-28 09:14:11'),
(4442,'969921082892120','01','2021-08-28 14:20:28'),
(4483,'969921082991231','02','2021-08-29 12:31:00'),
(4474,'970921082892247','02','2021-08-28 15:47:09'),
(4572,'970921082991705','02','2021-08-29 17:05:26'),
(4400,'971921082891744','01','2021-08-28 10:44:27'),
(4429,'971921082892051','01','2021-08-28 13:51:56'),
(4434,'971921082892052','01','2021-08-28 13:52:28'),
(4506,'971921082991548','01','2021-08-29 15:48:50'),
(4539,'971921082991620','01','2021-08-29 16:20:54'),
(4575,'971921082991706','02','2021-08-29 17:06:37'),
(4375,'972921082891614','01','2021-08-28 09:14:36'),
(4537,'973921082991616','02','2021-08-29 16:16:44'),
(4436,'974921082892053','02','2021-08-28 13:53:05'),
(4549,'975921082991623','02','2021-08-29 16:23:41'),
(4390,'976921082891629','02','2021-08-28 09:29:47'),
(4493,'976921082991253','02','2021-08-29 12:53:48'),
(4508,'976921082991554','02','2021-08-29 15:54:26'),
(4450,'977921082892212','01','2021-08-28 15:12:53'),
(4491,'977921082991253','02','2021-08-29 12:53:32'),
(4514,'977921082991556','02','2021-08-29 15:56:26'),
(4543,'977921082991622','01','2021-08-29 16:22:10'),
(4459,'978921082892239','02','2021-08-28 15:39:06'),
(4423,'97921082892043','01','2021-08-28 13:43:27'),
(4425,'97921082892044','01','2021-08-28 13:44:29'),
(4505,'97921082991548','02','2021-08-29 15:48:20'),
(4433,'979921082892052','01','2021-08-28 13:52:21'),
(4489,'979921082991252','01','2021-08-29 12:52:49'),
(4531,'979921082991614','01','2021-08-29 16:14:30'),
(4467,'980921082892244','02','2021-08-28 15:44:33'),
(4486,'980921082991252','01','2021-08-29 12:52:41'),
(4448,'981921082892206','01','2021-08-28 15:06:48'),
(4516,'981921082991601','02','2021-08-29 16:01:48'),
(4409,'982921082891844','01','2021-08-28 11:44:26'),
(4482,'982921082991230','02','2021-08-29 12:30:42'),
(4566,'982921082991705','02','2021-08-29 17:05:09'),
(4413,'983921082891904','02','2021-08-28 12:04:32'),
(4502,'983921082991531','01','2021-08-29 15:31:53'),
(4411,'984921082891846','02','2021-08-28 11:46:45'),
(4481,'985921082991230','01','2021-08-29 12:30:05'),
(4528,'985921082991612','01','2021-08-29 16:12:58'),
(4579,'985921082991757','01','2021-08-29 17:57:23'),
(4511,'986921082991554','02','2021-08-29 15:54:48'),
(4564,'986921082991704','01','2021-08-29 17:04:29'),
(4444,'987921082892148','01','2021-08-28 14:48:18'),
(4398,'98921082891741','01','2021-08-28 10:41:42'),
(4471,'98921082892246','02','2021-08-28 15:46:39'),
(4496,'98921082991334','02','2021-08-29 13:34:11'),
(4381,'99921082891620','01','2021-08-28 09:20:41'),
(4428,'99921082892045','01','2021-08-28 13:45:13'),
(4452,'99921082892223','02','2021-08-28 15:23:30'),
(4461,'99921082892240','01','2021-08-28 15:40:41'),
(4517,'99921082991602','02','2021-08-29 16:02:14'),
(4530,'99921082991614','02','2021-08-29 16:14:08');

/*Table structure for table `tb_exit` */

DROP TABLE IF EXISTS `tb_exit`;

CREATE TABLE `tb_exit` (
  `noplat` varchar(10) DEFAULT NULL,
  `id_Entry` varchar(250) DEFAULT NULL,
  `date_exit` datetime DEFAULT NULL,
  `jenis_kendaraan` varchar(20) DEFAULT NULL,
  `harga_bayar` double DEFAULT NULL,
  `jenis_bayar` enum('tunai','qris') DEFAULT NULL,
  `keterangan` text DEFAULT NULL,
  `no` int(11) NOT NULL AUTO_INCREMENT,
  PRIMARY KEY (`no`),
  KEY `id_Entry` (`id_Entry`),
  KEY `level_kendaraan` (`jenis_kendaraan`),
  CONSTRAINT `tb_exit_ibfk_1` FOREIGN KEY (`id_Entry`) REFERENCES `tb_entry` (`id_entry`) ON DELETE CASCADE ON UPDATE CASCADE,
  CONSTRAINT `tb_exit_ibfk_2` FOREIGN KEY (`jenis_kendaraan`) REFERENCES `tb_level_kendaraan` (`id_level`) ON UPDATE CASCADE
) ENGINE=InnoDB AUTO_INCREMENT=130 DEFAULT CHARSET=utf8mb4;

/*Data for the table `tb_exit` */

insert  into `tb_exit`(`noplat`,`id_Entry`,`date_exit`,`jenis_kendaraan`,`harga_bayar`,`jenis_bayar`,`keterangan`,`no`) values 
('','921921082891625','2021-08-29 11:37:09','roda4',1200,'tunai','',128),
('','912921082892249','2021-08-29 11:44:17','roda2',1100,'tunai','',129);

/*Table structure for table `tb_hitung_dewasa` */

DROP TABLE IF EXISTS `tb_hitung_dewasa`;

CREATE TABLE `tb_hitung_dewasa` (
  `notiket` varchar(250) NOT NULL,
  `date` date DEFAULT NULL,
  PRIMARY KEY (`notiket`)
) ENGINE=InnoDB DEFAULT CHARSET=utf8mb4;

/*Data for the table `tb_hitung_dewasa` */

insert  into `tb_hitung_dewasa`(`notiket`,`date`) values 
('ksajdlakjsdlakdj','2021-05-16');

/*Table structure for table `tb_human_entry` */

DROP TABLE IF EXISTS `tb_human_entry`;

CREATE TABLE `tb_human_entry` (
  `no` int(11) NOT NULL AUTO_INCREMENT,
  `detect_dewasa` int(11) DEFAULT NULL,
  `anakanak` int(11) DEFAULT NULL,
  `ticket_entry` int(11) DEFAULT NULL,
  PRIMARY KEY (`no`)
) ENGINE=InnoDB AUTO_INCREMENT=2 DEFAULT CHARSET=utf8mb4;

/*Data for the table `tb_human_entry` */

insert  into `tb_human_entry`(`no`,`detect_dewasa`,`anakanak`,`ticket_entry`) values 
(1,18,-14,4);

/*Table structure for table `tb_level_kendaraan` */

DROP TABLE IF EXISTS `tb_level_kendaraan`;

CREATE TABLE `tb_level_kendaraan` (
  `id_level` varchar(20) NOT NULL,
  `nama` varchar(200) DEFAULT NULL,
  `harga` double DEFAULT NULL,
  `tanggal_ubah` date DEFAULT NULL,
  `admin` varchar(20) DEFAULT NULL,
  `id_gate` varchar(20) DEFAULT NULL,
  PRIMARY KEY (`id_level`),
  KEY `id_gate` (`id_gate`),
  CONSTRAINT `tb_level_kendaraan_ibfk_1` FOREIGN KEY (`id_gate`) REFERENCES `tb_daftar_gate` (`id`) ON UPDATE CASCADE
) ENGINE=InnoDB DEFAULT CHARSET=utf8mb4;

/*Data for the table `tb_level_kendaraan` */

insert  into `tb_level_kendaraan`(`id_level`,`nama`,`harga`,`tanggal_ubah`,`admin`,`id_gate`) values 
('roda2','Kendaraan Roda 2',1100,'2021-05-08','admin','02'),
('roda4','Kendaraan Roda 4',1200,'2021-05-08','admin','01'),
('roda6','Kendaraan Roda 6 Lebih',600,'2021-05-08','admin','01');

/*Table structure for table `tb_level_tiket` */

DROP TABLE IF EXISTS `tb_level_tiket`;

CREATE TABLE `tb_level_tiket` (
  `id_level` varchar(20) NOT NULL,
  `nama_level` varchar(100) DEFAULT NULL,
  `tarif_level` double DEFAULT NULL,
  PRIMARY KEY (`id_level`)
) ENGINE=InnoDB DEFAULT CHARSET=utf8mb4;

/*Data for the table `tb_level_tiket` */

insert  into `tb_level_tiket`(`id_level`,`nama_level`,`tarif_level`) values 
('0001','Dewasa',NULL),
('0002','Anak-Anak',NULL),
('0003','Touris Asing ',NULL);

/*Table structure for table `tb_tiketmasuk` */

DROP TABLE IF EXISTS `tb_tiketmasuk`;

CREATE TABLE `tb_tiketmasuk` (
  `id_ecn` varchar(250) DEFAULT NULL,
  `id_denc_serial` varchar(250) NOT NULL,
  `date_serial` date DEFAULT NULL,
  `time_serial` time DEFAULT NULL,
  `level_tiket` varchar(20) DEFAULT NULL,
  `nomor_bukti` varchar(250) DEFAULT NULL,
  `date_in` datetime DEFAULT NULL,
  `id_gate` char(20) DEFAULT NULL,
  PRIMARY KEY (`id_denc_serial`),
  KEY `id_pelanggan` (`date_serial`),
  KEY `id_jenis_payment` (`time_serial`),
  KEY `level_tiket` (`level_tiket`),
  CONSTRAINT `tb_tiketmasuk_ibfk_1` FOREIGN KEY (`level_tiket`) REFERENCES `tb_level_tiket` (`id_level`) ON UPDATE CASCADE
) ENGINE=InnoDB DEFAULT CHARSET=utf8mb4;

/*Data for the table `tb_tiketmasuk` */

insert  into `tb_tiketmasuk`(`id_ecn`,`id_denc_serial`,`date_serial`,`time_serial`,`level_tiket`,`nomor_bukti`,`date_in`,`id_gate`) values 
('Mn+s0s//dGW5/98oxxORgJv8iXm2OJDO54RjX/AUXXbw10mtui5AciAwqdP2qufH','29082021014100/0002/12312312321123466','2021-08-29','01:41:00','0002','12312312321123466','2021-08-29 17:14:36','05'),
('Mn+s0s//dGW5/98oxxORgI7w17jOHRN4WfgWTxoQHxXWSGJO6w+7pEB6tcci7Q2A','29082021014100/0003/123123123211233213','2021-08-29','01:41:00','0003','123123123211233213','2021-08-29 16:04:50','05'),
('Mn+s0s//dGW5/98oxxORgI7w17jOHRN4WfgWTxoQHxXw10mtui5AciAwqdP2qufH','29082021014100/0003/12312312321123466','2021-08-29','01:41:00','0003','12312312321123466','2021-08-29 18:11:08','05');

/*Table structure for table `user` */

DROP TABLE IF EXISTS `user`;

CREATE TABLE `user` (
  `id_user` int(11) NOT NULL AUTO_INCREMENT,
  `kode_user` int(11) DEFAULT NULL,
  `email` varchar(50) DEFAULT NULL,
  `password` varchar(50) DEFAULT NULL,
  `level_user` char(1) DEFAULT NULL,
  `status_user` char(1) DEFAULT NULL,
  `created_at` timestamp NOT NULL DEFAULT current_timestamp() ON UPDATE current_timestamp(),
  PRIMARY KEY (`id_user`)
) ENGINE=InnoDB AUTO_INCREMENT=5 DEFAULT CHARSET=latin1;

/*Data for the table `user` */

insert  into `user`(`id_user`,`kode_user`,`email`,`password`,`level_user`,`status_user`,`created_at`) values 
(1,0,'admin@admin.com','202cb962ac59075b964b07152d234b70','1','0','2020-03-17 05:49:32'),
(2,2,'Kasir','202cb962ac59075b964b07152d234b70','2','0','2021-05-04 18:10:53'),
(3,1,'pimpinan','202cb962ac59075b964b07152d234b70','3','0','2021-05-04 18:10:59'),
(4,0,'admin','202cb962ac59075b964b07152d234b70','1','0','2021-05-04 15:25:47');

/*!40101 SET SQL_MODE=@OLD_SQL_MODE */;
/*!40014 SET FOREIGN_KEY_CHECKS=@OLD_FOREIGN_KEY_CHECKS */;
/*!40014 SET UNIQUE_CHECKS=@OLD_UNIQUE_CHECKS */;
/*!40111 SET SQL_NOTES=@OLD_SQL_NOTES */;
